Symbol,n1,n2,dir_thresh_symmetric,conf_thresh,Total Return (%),Total Points Captured,CAGR (Compounded Annual Return %),Simple Average Annual Return (%),Sharpe Ratio,Sortino Ratio,Max Drawdown (%),Total Trades
SPY,40,20,0.85,-1.5,127.11,275.28,31.53,42.47,1.2509,1.624,-19.55,58
SPY,200,40,0.9,-1.5,76.39,195.41,20.88,25.52,1.1095,1.4009,-25.27,22
SPY,60,60,0.9,-1.5,96.6,285.87,25.34,32.27,1.0522,1.3123,-38.75,32
SPY,180,120,0.9,-1.5,81.66,189.38,22.07,27.28,1.0438,1.3463,-16.36,9
SPY,40,20,0.8,-1.5,93.77,226.52,24.73,31.33,1.0302,1.321,-20.86,66
SPY,280,240,0.85,-1.5,55.48,160.52,15.89,18.53,0.9349,1.1293,-18.15,9
SPY,200,40,0.85,-1.5,59.77,162.26,16.95,19.97,0.9304,1.187,-25.33,24
SPY,300,40,0.9,-1.5,57.18,173.22,16.31,19.1,0.9105,1.0778,-16.05,20
SPY,20,20,0.9,-1.5,75.89,227.86,20.76,25.35,0.8957,1.1789,-28.02,56
SPY,240,260,0.85,-1.5,51.06,159.45,14.78,17.06,0.8819,1.0365,-21.68,11
SPY,280,60,0.9,-1.5,49.7,148.77,14.43,16.6,0.849,1.0058,-22.37,11
SPY,300,40,0.85,-1.5,51.9,158.06,14.99,17.34,0.8481,1.0119,-18.09,22
SPY,260,40,0.9,-1.5,52.55,163.88,15.15,17.56,0.847,1.0457,-19.81,18
SPY,220,40,0.9,-1.5,51.88,157.23,14.98,17.33,0.8391,1.0609,-22.61,18
SPY,300,60,0.85,-1.5,50.38,160.34,14.6,16.83,0.8367,1.0065,-21.73,14
SPY,180,260,0.9,-1.5,46.95,151.12,13.72,15.69,0.8282,0.9815,-24.12,15
SPY,280,40,0.9,-1.5,50.83,154.33,14.72,16.98,0.8272,0.9902,-22.7,18
SPY,240,260,0.9,-1.5,46.54,144.05,13.62,15.55,0.8227,0.9755,-21.68,9
SPY,100,80,0.9,-1.5,63.62,166.78,17.88,21.26,0.8217,0.9804,-24.42,20
SPY,240,40,0.9,-1.5,50.35,158.1,14.6,16.82,0.8208,1.0126,-21.45,18
SPY,100,80,0.85,-1.5,63.99,173.62,17.97,21.38,0.8165,0.9424,-25.52,24
SPY,280,60,0.85,-1.5,47.21,143.0,13.79,15.77,0.8165,0.97,-23.78,13
SPY,280,80,0.9,-1.5,47.01,139.94,13.74,15.7,0.8144,0.9613,-26.56,9
SPY,260,240,0.85,-1.5,45.75,141.69,13.41,15.28,0.8113,0.9522,-22.0,10
SPY,260,220,0.8,-1.5,45.77,148.35,13.42,15.29,0.8099,0.9953,-16.36,12
SPY,260,60,0.85,-1.5,46.05,139.57,13.49,15.39,0.8013,0.9535,-23.61,13
SPY,280,80,0.85,-1.5,45.99,138.27,13.47,15.36,0.801,0.9489,-27.46,11
SPY,100,80,0.8,-1.5,62.29,171.62,17.56,20.81,0.7975,0.9099,-29.19,28
SPY,220,60,0.8,-1.5,47.47,132.53,13.86,15.86,0.7974,0.9447,-25.68,13
SPY,200,120,0.9,-1.5,45.28,140.83,13.29,15.13,0.7952,0.9811,-17.33,9
SPY,180,120,0.8,-1.5,55.22,141.75,15.82,18.45,0.7945,0.9977,-17.87,17
SPY,260,260,0.9,-1.5,44.27,139.35,13.03,14.79,0.7924,0.9368,-22.0,9
SPY,260,260,0.85,-1.5,44.32,139.25,13.04,14.81,0.7922,0.9295,-22.0,10
SPY,280,260,0.85,-1.5,44.23,138.18,13.02,14.78,0.7899,0.927,-20.96,10
SPY,180,60,0.8,-1.5,53.48,137.35,15.39,17.87,0.7766,0.9768,-25.76,19
SPY,260,220,0.85,-1.5,42.86,134.78,12.66,14.32,0.7722,0.9629,-16.36,9
SPY,200,60,0.85,-1.5,45.39,138.12,13.32,15.17,0.7698,0.9485,-25.15,15
SPY,280,240,0.8,-1.5,42.72,132.67,12.62,14.27,0.769,0.9056,-21.7,10
SPY,280,220,0.85,-1.5,42.4,133.27,12.53,14.17,0.7645,0.9523,-16.36,9
SPY,180,40,0.9,-1.5,51.74,114.11,14.95,17.29,0.7584,0.9746,-32.74,19
SPY,220,40,0.85,-1.5,44.5,143.83,13.09,14.87,0.7493,0.9215,-22.61,22
SPY,200,60,0.9,-1.5,43.36,121.44,12.79,14.49,0.7446,0.8793,-23.94,11
SPY,200,60,0.8,-1.5,43.22,133.42,12.75,14.44,0.7422,0.9072,-25.12,17
SPY,280,260,0.8,-1.5,40.74,129.02,12.1,13.61,0.7421,0.8727,-21.7,10
SPY,240,260,0.8,-1.5,40.15,131.47,11.94,13.41,0.7359,0.8688,-21.68,11
SPY,280,220,0.8,-1.5,40.29,127.41,11.97,13.46,0.7355,0.917,-16.36,9
SPY,20,160,0.85,-1.5,53.25,91.29,15.33,17.79,0.7265,1.0281,-36.33,64
SPY,180,280,0.9,-1.5,39.43,131.75,11.75,13.17,0.7261,0.8804,-24.12,15
SPY,220,260,0.9,-1.5,38.78,125.29,11.57,12.96,0.7169,0.8458,-23.91,9
SPY,220,260,0.85,-1.5,38.34,125.83,11.45,12.81,0.7105,0.8403,-24.12,11
SPY,200,40,0.8,-1.5,40.91,115.88,12.14,13.67,0.7039,0.9055,-25.33,26
SPY,20,140,0.8,-1.5,50.54,88.78,14.65,16.89,0.6999,1.016,-40.04,63
SPY,180,260,0.8,-1.5,37.56,130.82,11.24,12.55,0.6997,0.8236,-24.74,17
SPY,300,220,0.8,-1.5,37.53,113.88,11.23,12.54,0.6971,0.8096,-20.67,7
SPY,180,60,0.9,-1.5,45.53,114.1,13.35,15.21,0.6922,0.8713,-24.15,13
SPY,180,80,0.9,-1.5,45.44,116.6,13.33,15.18,0.6913,0.8779,-30.38,15
SPY,180,100,0.9,-1.5,45.34,104.58,13.31,15.15,0.6902,0.8602,-29.6,11
SPY,160,260,0.9,-1.5,35.52,116.43,10.69,11.87,0.6885,0.7654,-24.09,15
SPY,240,40,0.85,-1.5,39.71,134.78,11.82,13.27,0.6885,0.8463,-22.82,20
SPY,260,240,0.9,-1.5,36.71,126.34,11.01,12.27,0.6878,0.8312,-16.95,7
SPY,280,60,0.8,-1.5,37.2,114.79,11.15,12.43,0.6824,0.8129,-24.86,15
SPY,40,20,0.9,-1.5,50.55,164.7,14.65,16.89,0.6797,0.8527,-26.68,54
SPY,220,40,0.8,-1.5,38.9,118.82,11.6,13.0,0.6781,0.837,-25.27,24
SPY,40,80,0.85,-1.5,49.62,152.75,14.41,16.58,0.672,0.91,-37.05,45
SPY,300,80,0.85,-1.5,37.45,122.19,11.21,12.51,0.6708,0.8087,-25.29,14
SPY,180,120,0.85,-1.5,43.39,110.61,12.8,14.5,0.6688,0.8438,-21.43,13
SPY,180,260,0.85,-1.5,35.38,121.64,10.65,11.82,0.6686,0.7867,-24.65,15
SPY,20,140,0.85,-1.5,46.08,75.57,13.5,15.4,0.6562,0.9465,-42.54,63
SPY,180,60,0.85,-1.5,42.21,106.44,12.48,14.1,0.6556,0.8247,-25.64,15
SPY,200,280,0.9,-1.5,34.42,111.01,10.39,11.5,0.6548,0.7979,-23.91,13
SPY,260,60,0.8,-1.5,35.12,108.84,10.58,11.73,0.6533,0.7816,-25.98,15
SPY,300,60,0.8,-1.5,36.05,120.34,10.83,12.04,0.6518,0.7876,-23.27,16
SPY,240,60,0.85,-1.5,34.75,113.86,10.48,11.61,0.6489,0.7527,-28.03,15
SPY,260,260,0.8,-1.5,34.11,111.4,10.3,11.4,0.6488,0.7611,-21.96,10
SPY,220,120,0.85,-1.5,34.51,113.92,10.41,11.53,0.6478,0.7778,-19.21,9
SPY,200,260,0.9,-1.5,33.62,108.69,10.17,11.23,0.6432,0.7765,-23.91,13
SPY,300,240,0.9,-1.5,33.58,103.15,10.16,11.22,0.6419,0.7433,-19.92,5
SPY,120,260,0.9,-1.5,33.17,107.95,10.04,11.08,0.635,0.739,-24.09,16
SPY,200,100,0.9,-1.5,33.36,106.85,10.1,11.15,0.63,0.7457,-24.01,9
SPY,300,180,0.9,-1.5,31.8,101.45,9.66,10.63,0.6278,0.7221,-20.4,5
SPY,220,260,0.8,-1.5,32.42,109.7,9.84,10.83,0.6257,0.735,-24.65,13
SPY,300,260,0.9,-1.5,32.37,105.17,9.82,10.82,0.6244,0.7225,-19.58,8
SPY,260,200,0.8,-1.5,32.5,107.28,9.86,10.86,0.6235,0.7627,-16.53,10
SPY,220,120,0.8,-1.5,32.62,109.51,9.89,10.9,0.6209,0.7444,-19.21,9
SPY,280,40,0.8,-1.5,34.48,120.48,10.4,11.52,0.6202,0.7705,-21.55,22
SPY,260,80,0.9,-1.5,32.29,101.37,9.8,10.79,0.6147,0.7063,-26.38,7
SPY,140,260,0.9,-1.5,31.62,103.42,9.61,10.56,0.6131,0.7064,-24.74,14
SPY,300,80,0.8,-1.5,32.85,108.59,9.96,10.98,0.608,0.7321,-27.49,14
SPY,260,240,0.8,-1.5,31.18,98.62,9.49,10.42,0.6056,0.7126,-21.96,10
SPY,260,60,0.9,-1.5,30.83,104.47,9.39,10.3,0.6054,0.6927,-22.71,11
SPY,280,20,0.85,-1.5,32.99,118.96,9.99,11.02,0.6034,0.7555,-14.51,20
SPY,300,200,0.85,-1.5,30.39,96.16,9.27,10.15,0.5939,0.7097,-23.87,7
SPY,200,20,0.85,-1.5,33.64,103.12,10.17,11.24,0.5938,0.7551,-25.42,32
SPY,260,40,0.85,-1.5,32.3,117.19,9.8,10.79,0.5903,0.7326,-20.33,20
SPY,300,240,0.85,-1.5,30.04,92.54,9.17,10.04,0.5887,0.6804,-21.75,5
SPY,240,120,0.85,-1.5,30.19,104.9,9.21,10.09,0.5855,0.679,-21.06,11
SPY,160,120,0.9,-1.5,38.89,113.1,11.6,12.99,0.5843,0.6864,-24.1,10
SPY,40,240,0.8,-1.5,31.51,88.82,9.58,10.53,0.5712,0.7201,-20.92,34
SPY,200,160,0.9,-1.5,28.05,98.59,8.61,9.37,0.5696,0.6578,-21.09,6
SPY,300,180,0.85,-1.5,28.83,92.84,8.83,9.63,0.5693,0.659,-22.44,6
SPY,200,260,0.85,-1.5,28.63,96.62,8.78,9.57,0.5692,0.6686,-24.12,13
SPY,300,240,0.8,-1.5,28.64,88.04,8.78,9.57,0.5677,0.6565,-22.26,5
SPY,180,240,0.9,-1.5,31.01,146.47,9.44,10.36,0.5646,0.7286,-25.45,15
SPY,160,260,0.8,-1.5,28.13,100.28,8.63,9.4,0.561,0.6544,-25.83,18
SPY,300,80,0.9,-1.5,29.11,94.23,8.91,9.73,0.5553,0.6684,-28.62,10
SPY,140,260,0.85,-1.5,27.68,89.81,8.51,9.25,0.5536,0.6395,-25.83,16
SPY,180,40,0.85,-1.5,32.98,75.9,9.99,11.02,0.5493,0.7141,-28.52,25
SPY,40,220,0.9,-1.5,30.52,78.27,9.31,10.2,0.5472,0.6873,-27.51,30
SPY,180,100,0.85,-1.5,32.5,68.05,9.86,10.86,0.5436,0.6803,-35.33,11
SPY,280,40,0.85,-1.5,28.79,103.45,8.82,9.62,0.5423,0.6682,-20.33,20
SPY,180,280,0.85,-1.5,26.69,96.72,8.22,8.92,0.5395,0.6484,-24.65,15
SPY,140,280,0.9,-1.5,26.67,88.25,8.22,8.91,0.5388,0.6189,-24.74,12
SPY,160,260,0.85,-1.5,26.64,95.99,8.21,8.9,0.5386,0.6284,-25.79,16
SPY,40,60,0.9,-1.5,35.98,171.1,10.81,12.02,0.5386,0.7002,-40.09,39
SPY,140,40,0.85,-1.5,35.42,103.84,10.66,11.83,0.538,0.6352,-31.14,29
SPY,220,100,0.85,-1.5,27.72,84.29,8.52,9.26,0.5362,0.6269,-28.75,11
SPY,280,180,0.85,-1.5,26.62,86.37,8.2,8.89,0.5359,0.6205,-23.76,6
SPY,300,180,0.8,-1.5,26.62,86.38,8.21,8.89,0.5349,0.6187,-23.76,6
SPY,260,40,0.8,-1.5,28.22,106.82,8.66,9.43,0.5338,0.664,-23.82,24
SPY,80,20,0.8,-1.5,35.35,127.35,10.64,11.81,0.5332,0.6394,-32.19,48
SPY,240,120,0.8,-1.5,26.56,93.64,8.19,8.87,0.5314,0.6195,-21.19,11
SPY,300,200,0.8,-1.5,26.22,86.37,8.09,8.76,0.5298,0.6209,-24.29,8
SPY,280,240,0.9,-1.5,25.04,79.54,7.75,8.37,0.5296,0.5843,-22.26,5
SPY,120,280,0.9,-1.5,26.01,91.42,8.03,8.69,0.5287,0.6224,-24.09,16
SPY,180,80,0.8,-1.5,31.22,78.11,9.5,10.43,0.5283,0.6799,-32.42,19
SPY,260,20,0.9,-1.5,27.72,107.06,8.52,9.26,0.5262,0.6624,-14.7,20
SPY,200,260,0.8,-1.5,25.69,90.99,7.94,8.58,0.5241,0.6156,-24.09,15
SPY,180,100,0.8,-1.5,30.49,62.54,9.3,10.19,0.5194,0.6512,-35.54,11
SPY,60,240,0.8,-1.5,27.47,78.84,8.45,9.18,0.5162,0.6405,-22.21,23
SPY,160,60,0.9,-1.5,32.27,98.25,9.8,10.78,0.5134,0.6019,-25.09,17
SPY,140,40,0.8,-1.5,32.87,96.12,9.96,10.98,0.5112,0.6032,-32.58,29
SPY,300,60,0.9,-1.5,25.36,107.25,7.84,8.47,0.5008,0.6143,-20.13,14
SPY,40,240,0.85,-1.5,26.27,75.7,8.1,8.78,0.4995,0.6256,-23.19,30
SPY,40,160,0.85,-1.5,30.85,54.9,9.4,10.31,0.4969,0.6801,-34.59,35
SPY,40,80,0.8,-1.5,31.5,119.1,9.58,10.52,0.4922,0.6561,-38.75,49
SPY,40,60,0.85,-1.5,31.5,133.41,9.58,10.52,0.492,0.6468,-41.8,53
SPY,280,20,0.8,-1.5,24.9,94.82,7.71,8.32,0.4894,0.6134,-14.51,22
SPY,280,180,0.8,-1.5,23.53,77.6,7.31,7.86,0.4873,0.5633,-25.62,6
SPY,220,100,0.9,-1.5,23.38,73.04,7.27,7.81,0.4818,0.5486,-27.69,5
SPY,260,160,0.85,-1.5,23.12,84.16,7.2,7.73,0.4809,0.576,-19.11,8
SPY,260,180,0.85,-1.5,23.06,76.36,7.18,7.7,0.4808,0.5558,-25.9,6
SPY,180,20,0.8,-1.5,25.42,81.39,7.86,8.49,0.4803,0.5983,-23.96,30
SPY,260,80,0.85,-1.5,23.3,77.52,7.25,7.78,0.4798,0.5543,-30.87,9
SPY,80,240,0.85,-1.5,24.82,116.35,7.69,8.29,0.4792,0.5942,-24.41,23
SPY,60,240,0.85,-1.5,24.74,71.81,7.66,8.27,0.478,0.5928,-22.77,21
SPY,300,20,0.9,-1.5,23.99,95.22,7.45,8.02,0.4768,0.574,-14.92,18
SPY,200,80,0.85,-1.5,23.72,75.36,7.37,7.92,0.4753,0.5962,-26.92,17
SPY,280,180,0.9,-1.5,21.88,75.12,6.83,7.31,0.4719,0.5279,-23.76,6
SPY,200,240,0.8,-1.5,24.18,109.37,7.5,8.08,0.4701,0.5922,-25.45,17
SPY,160,280,0.8,-1.5,22.21,79.7,6.93,7.42,0.4694,0.5457,-25.83,16
SPY,200,120,0.8,-1.5,22.43,77.96,6.99,7.49,0.4679,0.5559,-17.87,15
SPY,60,80,0.9,-1.5,29.06,130.09,8.9,9.71,0.4667,0.5656,-33.78,27
SPY,240,160,0.8,-1.5,22.18,81.96,6.92,7.41,0.4658,0.5586,-19.22,8
SPY,160,280,0.9,-1.5,21.56,77.17,6.74,7.2,0.4596,0.5383,-24.09,11
SPY,180,80,0.85,-1.5,25.56,61.36,7.9,8.54,0.4584,0.5882,-31.74,17
SPY,300,260,0.85,-1.5,21.37,74.69,6.68,7.14,0.4554,0.5211,-22.37,8
SPY,80,240,0.8,-1.5,22.97,108.73,7.15,7.67,0.4528,0.5612,-24.41,25
SPY,80,20,0.9,-1.5,27.47,94.09,8.45,9.18,0.4497,0.5395,-32.19,30
SPY,220,120,0.9,-1.5,21.15,69.72,6.62,7.06,0.4478,0.5227,-20.58,7
SPY,280,200,0.8,-1.5,20.95,70.63,6.56,7.0,0.4476,0.5243,-25.39,8
SPY,280,160,0.8,-1.5,20.84,78.05,6.53,6.96,0.4449,0.5335,-18.8,8
SPY,160,280,0.85,-1.5,20.37,73.34,6.39,6.81,0.4399,0.5106,-25.79,14
SPY,140,40,0.9,-1.5,26.22,79.53,8.09,8.76,0.4389,0.513,-32.1,25
SPY,260,160,0.8,-1.5,20.42,77.25,6.41,6.82,0.4379,0.5246,-19.07,8
SPY,80,20,0.85,-1.5,26.35,89.66,8.13,8.8,0.4373,0.5266,-32.19,36
SPY,180,240,0.8,-1.5,21.83,103.56,6.82,7.29,0.4364,0.5538,-25.45,19
SPY,240,180,0.8,-1.5,19.8,72.07,6.22,6.62,0.4283,0.5119,-21.0,8
SPY,280,260,0.9,-1.5,19.57,68.65,6.15,6.54,0.4273,0.4911,-23.69,7
SPY,260,220,0.9,-1.5,17.87,71.66,5.65,5.97,0.4235,0.4778,-16.36,8
SPY,260,180,0.9,-1.5,18.93,63.91,5.96,6.32,0.4232,0.462,-25.6,4
SPY,260,20,0.8,-1.5,20.51,89.03,6.43,6.85,0.4213,0.5302,-16.09,24
SPY,200,100,0.85,-1.5,19.88,57.13,6.24,6.64,0.419,0.5026,-28.92,11
SPY,200,20,0.8,-1.5,20.78,68.19,6.51,6.94,0.4176,0.5326,-27.68,32
SPY,40,40,0.9,-1.5,24.59,94.14,7.62,8.21,0.4166,0.5503,-37.2,48
SPY,220,140,0.8,-1.5,19.09,77.19,6.01,6.38,0.4154,0.4921,-24.48,10
SPY,200,120,0.85,-1.5,19.06,71.15,6.0,6.37,0.4147,0.487,-21.76,13
SPY,160,60,0.85,-1.5,23.08,72.97,7.18,7.71,0.4087,0.4796,-26.8,19
SPY,240,60,0.9,-1.5,18.12,67.1,5.72,6.05,0.4054,0.4536,-23.5,9
SPY,60,200,0.9,-1.5,20.45,87.77,6.41,6.83,0.4033,0.531,-22.88,27
SPY,40,220,0.85,-1.5,19.84,44.57,6.23,6.63,0.4008,0.5033,-33.3,30
SPY,200,80,0.8,-1.5,18.73,58.88,5.9,6.26,0.3997,0.5019,-30.87,17
SPY,240,40,0.8,-1.5,18.95,77.04,5.97,6.33,0.3987,0.4935,-23.63,24
SPY,240,240,0.85,-1.5,19.24,92.84,6.06,6.43,0.3985,0.4937,-25.45,9
SPY,240,180,0.9,-1.5,17.38,59.35,5.5,5.81,0.3971,0.4339,-26.57,4
SPY,40,40,0.85,-1.5,22.82,80.92,7.11,7.63,0.3968,0.5235,-32.75,58
SPY,240,80,0.9,-1.5,17.96,55.22,5.67,6.0,0.3961,0.462,-26.95,9
SPY,180,240,0.85,-1.5,18.97,100.0,5.98,6.34,0.3945,0.4955,-25.45,17
SPY,300,220,0.9,-1.5,17.45,55.88,5.52,5.83,0.3921,0.4536,-19.25,5
SPY,240,160,0.9,-1.5,17.05,69.36,5.4,5.7,0.3911,0.4559,-19.22,8
SPY,300,260,0.8,-1.5,17.4,62.61,5.5,5.81,0.3908,0.4474,-23.69,8
SPY,100,260,0.85,-1.5,17.23,68.28,5.46,5.76,0.388,0.4553,-24.09,18
SPY,260,160,0.9,-1.5,16.86,68.74,5.34,5.63,0.3877,0.4512,-19.11,8
SPY,240,160,0.85,-1.5,16.7,68.36,5.29,5.58,0.385,0.4489,-19.22,8
SPY,120,240,0.9,-1.5,18.12,87.95,5.72,6.05,0.3818,0.4745,-20.81,17
SPY,140,280,0.85,-1.5,16.72,62.63,5.3,5.59,0.38,0.4441,-25.83,14
SPY,220,160,0.8,-1.5,16.69,65.2,5.29,5.58,0.3776,0.4529,-21.86,8
SPY,100,260,0.9,-1.5,16.59,65.24,5.26,5.54,0.3774,0.4428,-23.91,16
SPY,20,20,0.85,-1.5,21.04,97.38,6.59,7.03,0.3764,0.4903,-32.7,86
SPY,300,160,0.85,-1.5,16.48,54.3,5.23,5.51,0.3741,0.4376,-21.5,5
SPY,260,20,0.85,-1.5,17.28,77.21,5.47,5.77,0.3725,0.4684,-16.09,20
SPY,220,240,0.85,-1.5,17.31,94.16,5.48,5.78,0.3695,0.4711,-25.45,9
SPY,200,140,0.9,-1.5,15.79,70.53,5.02,5.28,0.3688,0.428,-23.73,10
SPY,200,100,0.8,-1.5,16.63,45.88,5.27,5.56,0.3683,0.4423,-30.59,11
SPY,160,40,0.8,-1.5,19.32,42.27,6.08,6.45,0.3682,0.4468,-36.05,29
SPY,300,120,0.85,-1.5,16.13,60.02,5.12,5.39,0.367,0.4278,-25.73,9
SPY,100,100,0.9,-1.5,19.92,60.14,6.26,6.66,0.3645,0.453,-29.63,17
SPY,300,20,0.85,-1.5,16.56,71.61,5.25,5.53,0.3643,0.4411,-18.48,18
SPY,280,160,0.85,-1.5,15.84,52.08,5.04,5.29,0.3635,0.4253,-21.93,5
SPY,300,120,0.8,-1.5,15.82,59.21,5.03,5.28,0.3618,0.4233,-26.31,11
SPY,240,180,0.85,-1.5,15.31,60.81,4.87,5.12,0.3616,0.4191,-21.0,8
SPY,40,240,0.9,-1.5,16.77,52.21,5.32,5.6,0.3616,0.445,-26.99,25
SPY,300,160,0.9,-1.5,15.33,54.78,4.88,5.12,0.3616,0.4109,-19.43,5
SPY,200,240,0.85,-1.5,16.74,89.77,5.31,5.59,0.361,0.4503,-25.45,15
SPY,120,260,0.85,-1.5,15.58,52.4,4.96,5.21,0.3606,0.4144,-24.74,16
SPY,300,220,0.85,-1.5,15.58,49.28,4.96,5.21,0.3604,0.4175,-20.59,5
SPY,40,60,0.8,-1.5,19.54,105.06,6.15,6.53,0.3595,0.4661,-41.8,53
SPY,220,160,0.9,-1.5,15.08,63.35,4.81,5.04,0.3573,0.4147,-21.09,8
SPY,280,200,0.85,-1.5,15.23,52.33,4.85,5.09,0.3547,0.4001,-22.88,6
SPY,180,20,0.85,-1.5,16.56,54.91,5.25,5.53,0.354,0.4424,-25.85,26
SPY,120,40,0.8,-1.5,18.76,64.07,5.91,6.27,0.352,0.4176,-29.65,33
SPY,240,240,0.8,-1.5,15.96,81.77,5.07,5.33,0.3493,0.4336,-25.45,9
SPY,260,120,0.85,-1.5,14.81,54.64,4.72,4.95,0.3451,0.4019,-26.51,9
SPY,20,300,0.8,-1.5,14.55,59.88,4.64,4.86,0.3439,0.397,-26.23,66
SPY,300,140,0.85,-1.5,14.53,49.34,4.64,4.85,0.3416,0.394,-21.36,5
SPY,260,120,0.8,-1.5,14.55,53.8,4.64,4.86,0.3407,0.397,-26.68,9
SPY,280,120,0.85,-1.5,14.55,53.8,4.64,4.86,0.3407,0.397,-26.68,9
SPY,240,120,0.9,-1.5,14.49,47.47,4.63,4.84,0.3399,0.3933,-23.55,7
SPY,160,40,0.9,-1.5,16.9,32.89,5.36,5.65,0.3375,0.4157,-37.27,19
SPY,80,200,0.8,-1.5,15.74,108.54,5.0,5.26,0.3369,0.4291,-30.41,29
SPY,300,40,0.8,-1.5,14.76,53.62,4.71,4.93,0.3363,0.4044,-29.13,22
SPY,300,100,0.9,-1.5,14.07,56.68,4.49,4.7,0.3322,0.38,-22.13,11
SPY,40,160,0.8,-1.5,16.81,25.5,5.33,5.62,0.332,0.4459,-36.28,37
SPY,180,40,0.8,-1.5,15.77,32.24,5.01,5.27,0.3297,0.4221,-37.0,27
SPY,120,40,0.85,-1.5,16.89,57.56,5.35,5.64,0.3296,0.3915,-29.71,31
SPY,140,280,0.8,-1.5,13.54,51.21,4.33,4.52,0.3264,0.3815,-25.83,16
SPY,280,120,0.8,-1.5,13.69,51.17,4.38,4.58,0.3264,0.3804,-26.68,9
SPY,200,80,0.9,-1.5,14.07,35.26,4.5,4.7,0.3262,0.3963,-27.44,13
SPY,240,140,0.8,-1.5,13.48,53.34,4.32,4.5,0.3238,0.3651,-21.68,8
SPY,60,80,0.8,-1.5,16.43,98.68,5.21,5.49,0.3236,0.3822,-33.23,37
SPY,220,80,0.85,-1.5,13.55,40.75,4.34,4.53,0.3235,0.3755,-25.52,11
SPY,300,120,0.9,-1.5,13.5,48.82,4.32,4.51,0.3231,0.3807,-24.12,9
SPY,220,100,0.8,-1.5,13.78,51.62,4.41,4.6,0.3226,0.3848,-25.43,13
SPY,60,80,0.85,-1.5,16.34,99.85,5.19,5.46,0.3225,0.3807,-33.23,35
SPY,160,100,0.8,-1.5,15.93,36.8,5.06,5.32,0.3217,0.3771,-34.99,15
SPY,140,100,0.9,-1.5,15.95,46.25,5.07,5.33,0.3197,0.3659,-29.54,10
SPY,240,80,0.85,-1.5,13.28,39.86,4.25,4.44,0.3186,0.3718,-29.5,9
SPY,160,80,0.9,-1.5,15.6,48.24,4.96,5.21,0.3176,0.3777,-35.66,15
SPY,220,20,0.8,-1.5,13.93,50.71,4.45,4.65,0.316,0.4006,-25.42,28
SPY,220,160,0.85,-1.5,12.27,54.8,3.94,4.1,0.3081,0.359,-21.31,8
SPY,260,140,0.85,-1.5,12.47,42.1,4.01,4.17,0.3068,0.3539,-22.77,5
SPY,280,140,0.85,-1.5,12.47,42.1,4.01,4.17,0.3068,0.3539,-22.77,5
SPY,200,20,0.9,-1.5,13.15,48.93,4.21,4.39,0.304,0.3869,-31.19,22
SPY,280,160,0.9,-1.5,11.76,42.0,3.78,3.93,0.299,0.3394,-21.93,5
SPY,140,260,0.8,-1.5,11.96,44.51,3.85,3.99,0.2989,0.3494,-25.83,18
SPY,60,40,0.9,-1.5,14.36,69.38,4.58,4.8,0.2982,0.3605,-28.11,44
SPY,160,240,0.8,-1.5,12.61,68.72,4.05,4.21,0.2974,0.3739,-19.95,21
SPY,280,20,0.9,-1.5,12.31,54.15,3.95,4.11,0.2965,0.3615,-19.25,18
SPY,160,100,0.9,-1.5,13.78,27.81,4.41,4.6,0.2946,0.3438,-35.76,8
SPY,240,20,0.9,-1.5,12.1,59.51,3.89,4.04,0.2915,0.3685,-19.67,20
SPY,160,40,0.85,-1.5,13.33,32.22,4.27,4.45,0.291,0.3539,-36.05,23
SPY,240,60,0.8,-1.5,11.45,51.13,3.69,3.83,0.2877,0.3304,-30.63,17
SPY,220,60,0.85,-1.5,11.2,46.19,3.61,3.74,0.287,0.3189,-27.99,11
SPY,240,80,0.8,-1.5,11.36,35.91,3.66,3.8,0.2861,0.337,-27.96,15
SPY,280,80,0.8,-1.5,11.53,46.74,3.71,3.85,0.2853,0.3374,-31.75,14
SPY,180,160,0.9,-1.5,12.29,84.74,3.95,4.11,0.2815,0.3508,-33.16,14
SPY,180,20,0.9,-1.5,11.42,49.21,3.68,3.81,0.2772,0.3481,-25.06,22
SPY,20,140,0.9,-1.5,12.43,-18.92,3.99,4.15,0.276,0.4027,-51.57,53
SPY,280,100,0.9,-1.5,10.61,45.67,3.43,3.55,0.2736,0.3123,-27.11,11
SPY,100,100,0.85,-1.5,12.07,47.88,3.88,4.03,0.2704,0.3258,-26.4,19
SPY,80,40,0.8,-1.5,11.9,51.68,3.83,3.98,0.2683,0.3146,-29.19,40
SPY,220,80,0.8,-1.5,10.32,35.01,3.33,3.45,0.2683,0.3157,-27.93,13
SPY,220,80,0.9,-1.5,10.13,28.03,3.28,3.38,0.2652,0.3071,-28.53,9
SPY,100,260,0.8,-1.5,9.67,40.61,3.13,3.23,0.2589,0.3041,-24.74,20
SPY,20,20,0.8,-1.5,11.1,64.48,3.58,3.71,0.2574,0.3355,-33.27,96
SPY,280,140,0.8,-1.5,9.55,32.34,3.1,3.19,0.2556,0.2957,-22.77,5
SPY,260,120,0.9,-1.5,9.53,31.39,3.09,3.18,0.2551,0.2946,-26.16,7
SPY,160,240,0.85,-1.5,9.86,58.78,3.19,3.3,0.2539,0.3132,-21.8,17
SPY,160,100,0.85,-1.5,10.51,16.54,3.4,3.51,0.2522,0.2954,-38.64,11
SPY,40,120,0.85,-1.5,10.5,59.64,3.39,3.51,0.2515,0.3226,-29.35,40
SPY,200,140,0.85,-1.5,9.13,47.99,2.96,3.05,0.2513,0.2913,-23.95,10
SPY,280,120,0.9,-1.5,9.17,31.35,2.97,3.06,0.2488,0.2909,-25.82,7
SPY,120,260,0.8,-1.5,9.07,35.5,2.94,3.03,0.2483,0.2907,-25.83,20
SPY,300,160,0.8,-1.5,9.09,33.64,2.95,3.04,0.2477,0.2946,-24.38,7
SPY,20,120,0.8,-1.5,10.25,51.85,3.31,3.42,0.2474,0.3281,-30.76,70
SPY,40,80,0.9,-1.5,10.23,72.26,3.31,3.42,0.2468,0.3163,-34.91,37
SPY,100,40,0.8,-1.5,10.13,45.95,3.28,3.38,0.2461,0.29,-29.19,33
SPY,260,80,0.8,-1.5,8.96,28.07,2.91,2.99,0.2446,0.2874,-32.5,13
SPY,80,200,0.85,-1.5,9.47,90.81,3.07,3.16,0.2439,0.3128,-32.74,23
SPY,200,160,0.85,-1.5,8.65,41.73,2.81,2.89,0.2429,0.2822,-22.75,8
SPY,140,60,0.9,-1.5,9.78,34.25,3.17,3.27,0.2419,0.2829,-29.56,17
SPY,240,140,0.85,-1.5,8.58,42.6,2.79,2.87,0.2415,0.2635,-21.68,8
SPY,20,60,0.85,-1.5,9.83,26.87,3.18,3.28,0.2413,0.3351,-48.8,76
SPY,300,140,0.9,-1.5,8.34,34.51,2.71,2.79,0.2369,0.2656,-20.06,5
SPY,140,240,0.9,-1.5,8.75,52.57,2.84,2.92,0.236,0.2925,-19.91,15
SPY,280,100,0.85,-1.5,8.39,38.52,2.73,2.8,0.2349,0.2682,-27.48,11
SPY,240,20,0.85,-1.5,8.57,50.07,2.78,2.86,0.234,0.2946,-20.28,24
SPY,220,240,0.8,-1.5,8.56,58.12,2.78,2.86,0.2328,0.2919,-25.45,13
SPY,300,20,0.8,-1.5,8.43,40.25,2.74,2.82,0.2325,0.2837,-22.89,18
SPY,40,160,0.9,-1.5,9.07,18.31,2.94,3.03,0.2325,0.3021,-32.58,26
SPY,300,100,0.85,-1.5,8.23,37.83,2.68,2.75,0.2321,0.2663,-26.32,13
SPY,80,80,0.8,-1.5,9.02,78.61,2.93,3.01,0.2318,0.2761,-34.38,37
SPY,60,120,0.9,-1.5,8.89,86.46,2.89,2.97,0.2303,0.2803,-38.8,29
SPY,100,100,0.8,-1.5,8.71,43.78,2.83,2.91,0.228,0.272,-29.72,27
SPY,140,100,0.85,-1.5,8.31,21.63,2.7,2.78,0.2229,0.2561,-32.63,12
SPY,40,120,0.9,-1.5,8.11,91.06,2.64,2.71,0.2198,0.2695,-33.7,36
SPY,60,40,0.85,-1.5,7.81,36.19,2.55,2.61,0.2163,0.259,-27.3,52
SPY,100,240,0.9,-1.5,7.2,52.25,2.35,2.41,0.2106,0.256,-21.8,15
SPY,220,60,0.9,-1.5,6.9,29.74,2.25,2.31,0.2099,0.2327,-26.82,9
SPY,20,60,0.8,-1.5,7.22,18.02,2.36,2.41,0.2079,0.2889,-49.48,76
SPY,140,60,0.85,-1.5,7.09,27.21,2.32,2.37,0.2069,0.2405,-30.57,21
SPY,120,220,0.9,-1.5,7.01,76.8,2.29,2.34,0.2068,0.2626,-27.67,19
SPY,60,20,0.85,-1.5,6.81,33.36,2.22,2.27,0.2034,0.2398,-34.62,40
SPY,60,60,0.85,-1.5,6.65,84.55,2.17,2.22,0.2013,0.2427,-44.45,38
SPY,260,180,0.8,-1.5,6.46,24.4,2.11,2.16,0.201,0.2326,-26.84,8
SPY,80,240,0.9,-1.5,6.47,57.29,2.12,2.16,0.1986,0.2423,-24.41,19
SPY,220,180,0.9,-1.5,6.28,62.0,2.05,2.1,0.195,0.2464,-29.34,7
SPY,280,140,0.9,-1.5,5.99,25.65,1.96,2.0,0.1935,0.2165,-21.79,5
SPY,120,100,0.85,-1.5,5.92,19.65,1.94,1.98,0.1911,0.2282,-34.22,18
SPY,120,100,0.8,-1.5,5.84,19.98,1.91,1.95,0.1901,0.2272,-31.69,20
SPY,300,100,0.8,-1.5,5.82,31.08,1.91,1.94,0.1892,0.2164,-28.14,15
SPY,60,20,0.8,-1.5,5.54,28.9,1.82,1.85,0.1868,0.2206,-34.62,42
SPY,220,140,0.85,-1.5,5.42,30.33,1.78,1.81,0.183,0.2011,-24.12,8
SPY,40,40,0.8,-1.5,5.25,33.03,1.72,1.75,0.1823,0.237,-37.95,66
SPY,160,60,0.8,-1.5,5.02,12.76,1.65,1.68,0.1782,0.2097,-30.89,21
SPY,100,20,0.8,-1.5,4.79,44.11,1.57,1.6,0.1768,0.2079,-32.19,50
SPY,40,180,0.85,-1.5,5.1,36.0,1.68,1.7,0.1765,0.2256,-29.14,33
SPY,260,140,0.8,-1.5,4.95,20.38,1.63,1.65,0.1735,0.1967,-26.37,6
SPY,220,20,0.9,-1.5,4.93,34.63,1.62,1.65,0.1728,0.2184,-19.67,18
SPY,120,40,0.9,-1.5,4.51,8.76,1.49,1.51,0.1728,0.2042,-38.03,19
SPY,40,220,0.8,-1.5,4.84,23.72,1.59,1.62,0.1715,0.2106,-24.64,38
SPY,160,120,0.85,-1.5,4.49,50.54,1.48,1.5,0.1709,0.197,-29.62,15
SPY,240,100,0.9,-1.5,4.79,19.51,1.58,1.6,0.1707,0.1928,-26.94,7
SPY,300,140,0.8,-1.5,4.77,18.65,1.57,1.59,0.1702,0.1997,-26.2,7
SPY,60,40,0.8,-1.5,4.19,25.56,1.38,1.4,0.1687,0.2027,-28.57,56
SPY,260,140,0.9,-1.5,4.66,20.65,1.53,1.56,0.1685,0.1886,-22.77,5
SPY,160,80,0.85,-1.5,4.0,-0.2,1.32,1.34,0.1639,0.1941,-37.8,17
SPY,300,200,0.9,-1.5,4.23,20.61,1.39,1.41,0.1611,0.166,-19.43,5
SPY,200,180,0.9,-1.5,3.91,53.9,1.29,1.31,0.1559,0.1988,-29.32,11
SPY,220,20,0.85,-1.5,3.47,29.65,1.15,1.16,0.1485,0.1837,-20.09,22
SPY,20,120,0.85,-1.5,2.68,22.0,0.89,0.9,0.1459,0.1926,-34.85,67
SPY,100,40,0.85,-1.5,2.17,10.65,0.72,0.72,0.141,0.1658,-31.45,25
SPY,140,240,0.85,-1.5,1.98,29.31,0.66,0.66,0.1226,0.1516,-20.81,15
SPY,80,40,0.85,-1.5,0.56,4.33,0.19,0.19,0.1195,0.1411,-29.19,38
SPY,140,60,0.8,-1.5,0.38,3.89,0.13,0.13,0.1156,0.1347,-30.57,25
SPY,100,40,0.9,-1.5,0.31,1.95,0.1,0.1,0.1152,0.1357,-33.71,23
SPY,40,120,0.8,-1.5,0.47,30.79,0.16,0.16,0.1149,0.1472,-31.46,41
SPY,60,60,0.8,-1.5,0.16,57.5,0.05,0.05,0.1141,0.1375,-44.5,46
SPY,260,100,0.85,-1.5,1.66,13.44,0.55,0.55,0.1128,0.1285,-30.9,11
SPY,140,240,0.8,-1.5,1.28,25.84,0.42,0.43,0.1103,0.1359,-21.8,19
SPY,20,160,0.9,-1.5,-0.04,-64.27,-0.01,-0.01,0.1047,0.1454,-55.47,53
SPY,80,220,0.8,-1.5,0.74,34.36,0.25,0.25,0.102,0.1258,-22.93,27
SPY,140,80,0.85,-1.5,-0.59,-5.8,-0.2,-0.2,0.1012,0.1178,-34.4,17
SPY,240,100,0.8,-1.5,0.85,11.64,0.28,0.28,0.0976,0.1101,-32.94,13
SPY,240,100,0.85,-1.5,0.8,11.31,0.27,0.27,0.0967,0.1092,-31.49,11
SPY,260,100,0.9,-1.5,0.79,6.58,0.26,0.26,0.0964,0.109,-29.41,9
SPY,40,140,0.85,-1.5,-1.24,12.8,-0.42,-0.41,0.0883,0.1169,-39.12,34
SPY,40,140,0.9,-1.5,-1.34,46.68,-0.45,-0.45,0.087,0.1102,-37.07,30
SPY,80,200,0.9,-1.5,-0.36,59.57,-0.12,-0.12,0.0869,0.1097,-32.34,19
SPY,80,120,0.85,-1.5,-1.47,84.27,-0.49,-0.49,0.0857,0.1039,-48.44,29
SPY,100,240,0.85,-1.5,-0.17,30.32,-0.06,-0.06,0.0849,0.1045,-24.22,15
SPY,240,20,0.8,-1.5,-0.19,19.12,-0.07,-0.07,0.0828,0.1035,-20.09,24
SPY,60,20,0.9,-1.5,-2.47,-0.01,-0.83,-0.83,0.0769,0.0906,-34.62,30
SPY,20,120,0.9,-1.5,-2.53,-8.75,-0.85,-0.84,0.0712,0.0941,-40.96,54
SPY,220,140,0.9,-1.5,-0.42,7.53,-0.14,-0.14,0.07,0.0768,-26.45,6
SPY,20,160,0.8,-1.5,-2.49,-15.49,-0.84,-0.83,0.0695,0.094,-44.37,66
SPY,60,200,0.8,-1.5,-1.76,5.45,-0.59,-0.59,0.063,0.0831,-31.56,31
SPY,100,60,0.85,-1.5,-3.36,5.36,-1.14,-1.12,0.0621,0.072,-36.31,23
SPY,160,80,0.8,-1.5,-3.27,-25.49,-1.11,-1.09,0.0586,0.0692,-41.11,17
SPY,80,80,0.85,-1.5,-3.78,49.18,-1.28,-1.26,0.0578,0.0697,-40.86,33
SPY,80,120,0.8,-1.5,-3.45,70.61,-1.16,-1.15,0.0562,0.0681,-46.11,34
SPY,200,300,0.9,-1.5,-1.42,1.41,-0.48,-0.47,0.052,0.0642,-30.15,13
SPY,140,100,0.8,-1.5,-4.09,-15.07,-1.39,-1.37,0.0503,0.059,-32.86,17
SPY,120,100,0.9,-1.5,-4.42,-17.28,-1.5,-1.48,0.044,0.0515,-33.64,12
SPY,160,240,0.9,-1.5,-2.64,15.53,-0.89,-0.88,0.0406,0.0511,-25.45,13
SPY,80,220,0.85,-1.5,-2.8,24.31,-0.94,-0.93,0.0397,0.049,-25.09,23
SPY,120,220,0.8,-1.5,-3.06,39.97,-1.03,-1.02,0.0372,0.0473,-28.85,21
SPY,140,80,0.9,-1.5,-5.14,-21.64,-1.75,-1.72,0.0345,0.0404,-36.46,14
SPY,20,60,0.9,-1.5,-5.42,7.56,-1.84,-1.81,0.0337,0.0449,-50.44,56
SPY,140,80,0.8,-1.5,-5.27,-23.93,-1.79,-1.76,0.0328,0.038,-36.56,19
SPY,240,140,0.9,-1.5,-2.54,-1.36,-0.85,-0.85,0.0274,0.0299,-26.1,6
SPY,160,20,0.9,-1.5,-5.53,6.43,-1.88,-1.85,0.0244,0.0283,-27.66,25
SPY,120,220,0.85,-1.5,-3.8,35.21,-1.29,-1.27,0.0237,0.0301,-27.78,19
SPY,180,300,0.9,-1.5,-2.88,1.71,-0.97,-0.96,0.0228,0.028,-33.28,13
SPY,40,200,0.9,-1.5,-4.34,-6.63,-1.47,-1.45,0.0187,0.0238,-24.47,30
SPY,40,300,0.8,-1.5,-3.24,-4.43,-1.09,-1.08,0.0157,0.0179,-35.12,36
SPY,120,80,0.9,-1.5,-6.48,-33.03,-2.21,-2.17,0.0128,0.015,-38.85,16
SPY,280,200,0.9,-1.5,-2.9,-2.71,-0.98,-0.97,0.0104,0.0104,-22.88,6
SPY,260,100,0.8,-1.5,-3.86,-8.19,-1.31,-1.29,0.0064,0.0073,-33.57,13
SPY,240,200,0.8,-1.5,-4.52,13.7,-1.53,-1.51,0.0062,0.008,-25.45,11
SPY,80,40,0.9,-1.5,-7.45,-25.27,-2.55,-2.49,0.0038,0.0046,-30.17,32
SPY,280,100,0.8,-1.5,-4.41,-8.21,-1.49,-1.47,-0.0043,-0.0049,-31.78,13
SPY,180,180,0.9,-1.5,-7.24,18.94,-2.48,-2.42,-0.0212,-0.0263,-33.16,14
SPY,220,180,0.8,-1.5,-6.29,10.93,-2.15,-2.1,-0.0239,-0.0302,-23.53,15
SPY,120,240,0.8,-1.5,-6.14,-5.6,-2.1,-2.05,-0.024,-0.0297,-22.91,19
SPY,240,300,0.8,-1.5,-5.24,2.14,-1.78,-1.75,-0.0248,-0.0307,-29.79,13
SPY,180,300,0.85,-1.5,-5.29,-5.79,-1.8,-1.77,-0.0259,-0.0315,-30.77,15
SPY,280,220,0.9,-1.5,-4.78,-12.02,-1.62,-1.6,-0.032,-0.0329,-20.67,6
SPY,260,280,0.9,-1.5,-5.63,-7.99,-1.92,-1.88,-0.0328,-0.0389,-24.68,11
SPY,60,220,0.8,-1.5,-7.0,-11.65,-2.39,-2.34,-0.0349,-0.0438,-29.42,26
SPY,120,80,0.8,-1.5,-9.99,-45.47,-3.46,-3.34,-0.0398,-0.0465,-37.82,20
SPY,40,180,0.8,-1.5,-8.36,3.19,-2.88,-2.79,-0.0411,-0.0517,-34.85,35
SPY,200,140,0.8,-1.5,-7.48,8.87,-2.57,-2.5,-0.0412,-0.0498,-25.09,11
SPY,60,200,0.85,-1.5,-7.87,-20.76,-2.7,-2.63,-0.0441,-0.0581,-33.38,27
SPY,40,100,0.85,-1.5,-10.52,-5.59,-3.65,-3.52,-0.0442,-0.0597,-44.52,50
SPY,240,300,0.85,-1.5,-6.23,-6.9,-2.13,-2.08,-0.0454,-0.0544,-29.25,13
SPY,120,80,0.85,-1.5,-10.36,-47.04,-3.59,-3.46,-0.0458,-0.0533,-39.95,16
SPY,120,240,0.85,-1.5,-7.3,-8.9,-2.5,-2.44,-0.046,-0.0566,-22.39,17
SPY,100,120,0.9,-1.5,-10.11,49.35,-3.5,-3.38,-0.0474,-0.0559,-45.02,20
SPY,20,300,0.85,-1.5,-6.61,-22.19,-2.26,-2.21,-0.0531,-0.0606,-37.92,64
SPY,240,280,0.85,-1.5,-6.66,-8.96,-2.28,-2.23,-0.0543,-0.0648,-27.18,15
SPY,40,300,0.85,-1.5,-6.72,-20.8,-2.3,-2.24,-0.0555,-0.0633,-38.08,34
SPY,160,120,0.8,-1.5,-11.01,-10.18,-3.82,-3.68,-0.0625,-0.0725,-29.62,19
SPY,80,220,0.9,-1.5,-8.95,3.82,-3.08,-2.99,-0.0741,-0.0902,-25.21,19
SPY,60,220,0.85,-1.5,-9.25,-19.76,-3.19,-3.09,-0.0772,-0.097,-29.05,22
SPY,60,240,0.9,-1.5,-9.33,-10.88,-3.22,-3.12,-0.0849,-0.1043,-26.59,19
SPY,260,300,0.85,-1.5,-8.45,-12.78,-2.91,-2.82,-0.0919,-0.113,-30.6,11
SPY,240,280,0.9,-1.5,-8.77,-21.93,-3.02,-2.93,-0.0987,-0.1188,-29.25,13
SPY,80,60,0.8,-1.5,-14.21,23.4,-4.99,-4.75,-0.1057,-0.1233,-51.41,32
SPY,260,200,0.9,-1.5,-8.11,-22.98,-2.79,-2.71,-0.1071,-0.1071,-26.57,6
SPY,260,200,0.85,-1.5,-8.11,-22.98,-2.79,-2.71,-0.1071,-0.1071,-26.57,6
SPY,200,240,0.9,-1.5,-11.05,12.73,-3.84,-3.69,-0.1189,-0.1504,-34.56,11
SPY,260,280,0.85,-1.5,-10.02,-23.78,-3.47,-3.35,-0.1255,-0.1472,-25.95,11
SPY,200,160,0.8,-1.5,-12.0,-5.33,-4.18,-4.01,-0.1264,-0.157,-28.4,15
SPY,280,300,0.85,-1.5,-10.25,-20.28,-3.55,-3.42,-0.1304,-0.1605,-30.27,11
SPY,100,220,0.85,-1.5,-11.96,-1.04,-4.17,-4.0,-0.1327,-0.1704,-25.71,17
SPY,220,300,0.85,-1.5,-10.45,-25.83,-3.62,-3.49,-0.1347,-0.1634,-29.06,13
SPY,160,20,0.85,-1.5,-15.36,-39.73,-5.42,-5.13,-0.1352,-0.1566,-28.58,33
SPY,120,160,0.9,-1.5,-15.57,22.94,-5.5,-5.2,-0.1389,-0.1658,-43.95,18
SPY,100,20,0.9,-1.5,-16.51,-34.8,-5.85,-5.52,-0.1398,-0.1661,-33.99,38
SPY,220,180,0.85,-1.5,-12.43,-7.82,-4.34,-4.15,-0.1419,-0.1797,-29.32,13
SPY,180,160,0.85,-1.5,-14.05,-2.39,-4.93,-4.69,-0.142,-0.1762,-34.75,16
SPY,280,280,0.85,-1.5,-10.8,-32.0,-3.75,-3.61,-0.142,-0.1667,-28.15,12
SPY,140,120,0.9,-1.5,-16.21,-12.52,-5.74,-5.42,-0.1442,-0.1668,-34.12,14
SPY,100,220,0.9,-1.5,-12.62,-4.28,-4.41,-4.21,-0.1456,-0.1873,-26.15,15
SPY,180,180,0.85,-1.5,-14.5,-10.12,-5.1,-4.84,-0.1503,-0.1871,-34.44,14
SPY,240,300,0.9,-1.5,-11.25,-32.5,-3.91,-3.76,-0.1523,-0.1841,-31.17,11
SPY,60,100,0.8,-1.5,-17.39,-0.86,-6.18,-5.81,-0.1545,-0.1824,-42.19,42
SPY,220,300,0.9,-1.5,-11.37,-32.09,-3.95,-3.8,-0.1548,-0.1873,-29.6,11
SPY,20,200,0.8,-1.5,-14.01,-46.4,-4.92,-4.68,-0.159,-0.1975,-33.08,59
SPY,60,220,0.9,-1.5,-13.49,-38.31,-4.73,-4.51,-0.1594,-0.2015,-30.78,20
SPY,100,240,0.8,-1.5,-13.13,-27.41,-4.59,-4.39,-0.1604,-0.1976,-24.86,19
SPY,220,280,0.9,-1.5,-11.64,-33.3,-4.05,-3.89,-0.1607,-0.1935,-29.41,13
SPY,180,140,0.9,-1.5,-15.06,-21.44,-5.31,-5.03,-0.1608,-0.2001,-33.16,14
SPY,40,140,0.8,-1.5,-16.86,-38.03,-5.98,-5.63,-0.1614,-0.2097,-41.57,34
SPY,40,200,0.85,-1.5,-14.14,-36.5,-4.97,-4.72,-0.1616,-0.2029,-29.13,32
SPY,60,100,0.9,-1.5,-17.83,-24.06,-6.35,-5.96,-0.1622,-0.194,-40.06,24
SPY,20,300,0.9,-1.5,-11.74,-41.7,-4.09,-3.92,-0.1629,-0.1847,-40.38,56
SPY,60,120,0.85,-1.5,-17.75,-1.27,-6.32,-5.93,-0.1697,-0.2009,-44.86,29
SPY,40,180,0.9,-1.5,-15.66,-28.97,-5.53,-5.23,-0.1728,-0.2178,-40.95,27
SPY,180,220,0.8,-1.5,-14.34,9.55,-5.04,-4.79,-0.1756,-0.2207,-42.34,17
SPY,180,300,0.8,-1.5,-12.36,-32.03,-4.31,-4.13,-0.1767,-0.2118,-31.42,15
SPY,20,80,0.9,-1.5,-18.65,-63.62,-6.66,-6.23,-0.1767,-0.2336,-47.61,59
SPY,180,160,0.8,-1.5,-15.97,-8.74,-5.65,-5.34,-0.1779,-0.2198,-34.64,16
SPY,120,60,0.9,-1.5,-18.58,-71.29,-6.64,-6.21,-0.1796,-0.2101,-39.31,19
SPY,260,300,0.9,-1.5,-12.63,-37.2,-4.41,-4.22,-0.1827,-0.2202,-30.27,11
SPY,220,280,0.85,-1.5,-12.78,-36.62,-4.47,-4.27,-0.1859,-0.2246,-27.4,15
SPY,140,180,0.9,-1.5,-16.47,-9.75,-5.83,-5.5,-0.1873,-0.2372,-34.86,12
SPY,80,80,0.9,-1.5,-19.53,-11.08,-7.0,-6.53,-0.1911,-0.2315,-45.25,23
SPY,280,280,0.8,-1.5,-13.03,-41.42,-4.56,-4.35,-0.1912,-0.2247,-28.49,12
SPY,260,300,0.8,-1.5,-13.14,-32.49,-4.6,-4.39,-0.1941,-0.239,-31.21,11
SPY,120,180,0.9,-1.5,-17.01,-5.22,-6.04,-5.68,-0.1976,-0.2532,-39.07,16
SPY,80,120,0.9,-1.5,-19.17,22.87,-6.87,-6.41,-0.2017,-0.2412,-49.89,24
SPY,160,180,0.85,-1.5,-17.35,-19.7,-6.17,-5.8,-0.2041,-0.2571,-35.57,14
SPY,100,60,0.9,-1.5,-20.08,-72.3,-7.22,-6.71,-0.2057,-0.2384,-39.57,17
SPY,160,300,0.8,-1.5,-13.85,-37.36,-4.86,-4.63,-0.2101,-0.2514,-28.64,15
SPY,20,240,0.8,-1.5,-15.59,-68.02,-5.51,-5.21,-0.2118,-0.2733,-43.03,60
SPY,60,120,0.8,-1.5,-20.23,-11.66,-7.27,-6.76,-0.2133,-0.2526,-47.38,31
SPY,120,60,0.85,-1.5,-20.67,-82.54,-7.44,-6.91,-0.2162,-0.2525,-41.13,19
SPY,160,180,0.9,-1.5,-17.99,-24.98,-6.41,-6.01,-0.2165,-0.2725,-34.12,12
SPY,20,40,0.9,-1.5,-21.34,-75.0,-7.71,-7.13,-0.2226,-0.3034,-63.46,53
SPY,140,300,0.85,-1.5,-14.63,-40.15,-5.15,-4.89,-0.2281,-0.2813,-32.86,11
SPY,40,100,0.8,-1.5,-21.6,-41.13,-7.81,-7.22,-0.2283,-0.3035,-44.74,50
SPY,240,280,0.8,-1.5,-14.81,-43.35,-5.21,-4.95,-0.2317,-0.2776,-28.91,15
SPY,280,300,0.8,-1.5,-15.1,-43.58,-5.32,-5.05,-0.2386,-0.2926,-32.91,11
SPY,180,280,0.8,-1.5,-15.21,-42.31,-5.36,-5.08,-0.2409,-0.2881,-27.14,17
SPY,20,80,0.85,-1.5,-22.42,-76.46,-8.13,-7.49,-0.2428,-0.3202,-50.52,69
SPY,60,100,0.85,-1.5,-22.7,-23.81,-8.24,-7.59,-0.2472,-0.29,-42.63,36
SPY,40,100,0.9,-1.5,-23.01,-24.6,-8.36,-7.69,-0.2534,-0.3258,-48.14,44
SPY,140,160,0.9,-1.5,-22.04,-12.77,-7.98,-7.36,-0.2546,-0.3028,-41.73,16
SPY,100,120,0.85,-1.5,-22.61,-2.26,-8.21,-7.55,-0.258,-0.3035,-48.07,26
SPY,80,60,0.9,-1.5,-23.18,-19.1,-8.43,-7.74,-0.2614,-0.3003,-51.41,21
SPY,120,20,0.85,-1.5,-23.47,-53.05,-8.55,-7.84,-0.2623,-0.3011,-35.72,39
SPY,160,160,0.9,-1.5,-23.11,-25.5,-8.41,-7.72,-0.2748,-0.3252,-38.63,16
SPY,240,200,0.9,-1.5,-18.66,-29.47,-6.67,-6.24,-0.2767,-0.353,-33.06,9
SPY,180,200,0.8,-1.5,-19.57,-15.93,-7.02,-6.54,-0.279,-0.3531,-39.98,17
SPY,140,300,0.9,-1.5,-16.19,-53.8,-5.73,-5.41,-0.2797,-0.3192,-32.39,10
SPY,140,160,0.85,-1.5,-23.4,-17.77,-8.52,-7.82,-0.2802,-0.3344,-42.02,18
SPY,20,200,0.85,-1.5,-20.48,-72.17,-7.37,-6.84,-0.2894,-0.3568,-35.82,59
SPY,100,220,0.8,-1.5,-20.1,-37.06,-7.22,-6.71,-0.2952,-0.3719,-36.47,21
SPY,80,140,0.9,-1.5,-24.23,-1.91,-8.85,-8.1,-0.2954,-0.3456,-50.55,18
SPY,220,240,0.9,-1.5,-19.55,-30.58,-7.01,-6.53,-0.296,-0.3723,-34.56,7
SPY,140,300,0.8,-1.5,-17.66,-55.22,-6.28,-5.9,-0.2981,-0.3683,-33.07,13
SPY,20,220,0.8,-1.5,-20.29,-80.89,-7.3,-6.78,-0.2986,-0.3702,-40.65,71
SPY,120,60,0.8,-1.5,-25.33,-106.06,-9.3,-8.46,-0.3016,-0.3538,-42.83,23
SPY,80,280,0.8,-1.5,-17.86,-46.19,-6.36,-5.97,-0.302,-0.3704,-36.65,28
SPY,120,200,0.8,-1.5,-21.19,-21.33,-7.65,-7.08,-0.3048,-0.3883,-39.75,23
SPY,100,300,0.85,-1.5,-17.97,-45.7,-6.4,-6.0,-0.3054,-0.3745,-36.15,17
SPY,220,300,0.8,-1.5,-17.98,-60.13,-6.41,-6.01,-0.3055,-0.3645,-32.52,13
SPY,80,140,0.85,-1.5,-24.82,-2.51,-9.09,-8.29,-0.3066,-0.3585,-51.74,20
SPY,140,160,0.8,-1.5,-24.81,-22.32,-9.09,-8.29,-0.3072,-0.3666,-43.82,20
SPY,160,300,0.9,-1.5,-18.06,-64.71,-6.44,-6.03,-0.3079,-0.3723,-33.34,11
SPY,200,180,0.85,-1.5,-20.5,-36.83,-7.38,-6.85,-0.3101,-0.3918,-29.32,13
SPY,80,100,0.8,-1.5,-26.19,-38.35,-9.65,-8.75,-0.3116,-0.3808,-49.62,31
SPY,180,200,0.9,-1.5,-21.1,-22.98,-7.61,-7.05,-0.3119,-0.3889,-40.24,13
SPY,240,240,0.9,-1.5,-20.29,-35.29,-7.3,-6.78,-0.3123,-0.3932,-34.56,7
SPY,200,300,0.85,-1.5,-18.43,-65.02,-6.58,-6.16,-0.3162,-0.3791,-32.01,13
SPY,80,60,0.85,-1.5,-26.23,-33.96,-9.67,-8.76,-0.3187,-0.3703,-51.41,26
SPY,120,300,0.9,-1.5,-18.56,-54.59,-6.63,-6.2,-0.3197,-0.3909,-35.97,13
SPY,120,140,0.9,-1.5,-25.49,-25.39,-9.36,-8.52,-0.3198,-0.382,-46.09,16
SPY,140,20,0.9,-1.5,-26.43,-93.83,-9.75,-8.83,-0.3226,-0.3705,-38.65,31
SPY,100,120,0.8,-1.5,-26.17,-14.39,-9.64,-8.74,-0.3252,-0.3823,-50.45,32
SPY,120,200,0.85,-1.5,-22.14,-28.37,-8.02,-7.4,-0.3259,-0.4148,-39.14,21
SPY,80,280,0.85,-1.5,-18.87,-50.94,-6.75,-6.3,-0.3261,-0.4015,-37.43,24
SPY,160,300,0.85,-1.5,-18.97,-64.82,-6.79,-6.34,-0.3292,-0.3958,-33.06,11
SPY,20,240,0.85,-1.5,-21.07,-93.32,-7.6,-7.04,-0.3302,-0.4226,-45.7,58
SPY,20,100,0.8,-1.5,-27.15,-99.72,-10.04,-9.07,-0.3306,-0.4312,-48.88,76
SPY,120,20,0.9,-1.5,-27.71,-101.88,-10.28,-9.26,-0.3421,-0.3941,-32.1,33
SPY,140,20,0.8,-1.5,-27.46,-84.47,-10.17,-9.17,-0.3426,-0.3915,-34.93,41
SPY,20,80,0.8,-1.5,-27.83,-107.87,-10.32,-9.3,-0.3433,-0.4561,-54.89,73
SPY,60,180,0.9,-1.5,-23.92,-66.96,-8.73,-7.99,-0.3452,-0.4316,-42.29,21
SPY,100,280,0.85,-1.5,-19.7,-57.84,-7.07,-6.58,-0.3461,-0.4037,-28.27,22
SPY,140,20,0.85,-1.5,-28.42,-93.84,-10.57,-9.5,-0.3615,-0.4152,-35.5,37
SPY,20,240,0.9,-1.5,-22.57,-100.35,-8.19,-7.54,-0.364,-0.4641,-45.22,50
SPY,140,140,0.9,-1.5,-27.8,-39.34,-10.31,-9.29,-0.3655,-0.434,-43.96,16
SPY,80,100,0.9,-1.5,-29.09,-48.81,-10.85,-9.72,-0.3675,-0.4476,-52.97,21
SPY,100,280,0.9,-1.5,-20.65,-63.39,-7.44,-6.9,-0.3692,-0.4308,-30.0,20
SPY,180,140,0.85,-1.5,-25.55,-70.53,-9.39,-8.54,-0.3696,-0.4604,-37.46,14
SPY,220,280,0.8,-1.5,-20.73,-71.77,-7.47,-6.93,-0.3718,-0.444,-30.59,15
SPY,200,280,0.85,-1.5,-20.89,-75.52,-7.53,-6.98,-0.3757,-0.4509,-30.1,15
SPY,300,280,0.9,-1.5,-20.92,-75.31,-7.54,-6.99,-0.3766,-0.434,-30.2,9
SPY,120,200,0.9,-1.5,-24.57,-38.84,-8.99,-8.21,-0.3788,-0.4817,-44.29,17
SPY,160,160,0.85,-1.5,-28.45,-51.63,-10.58,-9.5,-0.3793,-0.446,-39.75,16
SPY,260,280,0.8,-1.5,-21.06,-77.43,-7.6,-7.04,-0.3795,-0.4513,-34.17,14
SPY,160,20,0.8,-1.5,-28.64,-104.78,-10.66,-9.57,-0.3832,-0.4447,-36.22,33
SPY,120,120,0.85,-1.5,-29.13,-47.87,-10.87,-9.73,-0.3839,-0.4512,-42.78,22
SPY,160,200,0.8,-1.5,-24.75,-42.74,-9.06,-8.27,-0.3882,-0.4947,-41.42,17
SPY,300,300,0.9,-1.5,-21.4,-69.99,-7.73,-7.15,-0.3887,-0.4689,-32.06,9
SPY,100,300,0.8,-1.5,-21.58,-63.75,-7.8,-7.21,-0.3928,-0.4821,-37.91,19
SPY,100,140,0.85,-1.5,-29.15,-33.76,-10.88,-9.74,-0.3929,-0.4592,-49.82,20
SPY,60,140,0.9,-1.5,-28.39,-51.77,-10.56,-9.48,-0.3933,-0.4558,-49.32,22
SPY,20,180,0.85,-1.5,-26.65,-88.84,-9.83,-8.9,-0.3942,-0.4845,-47.62,57
SPY,20,180,0.8,-1.5,-26.75,-93.21,-9.88,-8.94,-0.3966,-0.4929,-47.67,63
SPY,240,200,0.85,-1.5,-24.01,-56.63,-8.76,-8.02,-0.3967,-0.5095,-36.41,11
SPY,100,60,0.8,-1.5,-30.39,-66.47,-11.4,-10.15,-0.4003,-0.4618,-44.48,31
SPY,140,220,0.9,-1.5,-24.93,-43.41,-9.14,-8.33,-0.4024,-0.5056,-44.13,15
SPY,200,300,0.8,-1.5,-22.0,-82.03,-7.97,-7.35,-0.4032,-0.484,-32.38,13
SPY,160,200,0.85,-1.5,-25.59,-42.45,-9.4,-8.55,-0.4069,-0.516,-40.35,15
SPY,80,100,0.85,-1.5,-31.21,-64.29,-11.75,-10.43,-0.4098,-0.4987,-51.35,23
SPY,160,180,0.8,-1.5,-27.42,-67.15,-10.15,-9.16,-0.4098,-0.5166,-40.6,16
SPY,120,140,0.85,-1.5,-30.0,-46.08,-11.23,-10.02,-0.4103,-0.4889,-46.62,18
SPY,180,180,0.8,-1.5,-27.47,-67.38,-10.17,-9.18,-0.411,-0.5124,-40.77,16
SPY,100,160,0.9,-1.5,-30.04,-41.45,-11.25,-10.04,-0.412,-0.4976,-46.65,16
SPY,20,100,0.85,-1.5,-31.33,-128.67,-11.8,-10.47,-0.4128,-0.5338,-54.19,73
SPY,120,160,0.85,-1.5,-30.13,-49.23,-11.29,-10.07,-0.4139,-0.4989,-44.5,20
SPY,180,200,0.85,-1.5,-25.91,-46.99,-9.53,-8.66,-0.4188,-0.5218,-40.24,13
SPY,160,160,0.8,-1.5,-30.47,-63.75,-11.43,-10.18,-0.421,-0.4946,-39.62,16
SPY,280,280,0.9,-1.5,-22.74,-83.52,-8.26,-7.6,-0.4218,-0.486,-31.88,9
SPY,180,140,0.8,-1.5,-28.02,-79.92,-10.4,-9.36,-0.4231,-0.5249,-38.34,14
SPY,120,120,0.9,-1.5,-31.16,-60.88,-11.73,-10.41,-0.4254,-0.496,-43.36,16
SPY,120,140,0.8,-1.5,-30.98,-44.19,-11.65,-10.35,-0.4308,-0.5151,-48.99,22
SPY,80,300,0.9,-1.5,-23.26,-66.09,-8.47,-7.77,-0.4351,-0.5223,-37.77,17
SPY,120,160,0.8,-1.5,-31.17,-49.18,-11.73,-10.41,-0.4358,-0.5252,-46.96,22
SPY,100,20,0.85,-1.5,-32.64,-115.18,-12.37,-10.91,-0.439,-0.5153,-39.88,42
SPY,20,220,0.9,-1.5,-26.52,-102.94,-9.78,-8.86,-0.4405,-0.5309,-37.6,54
SPY,100,140,0.9,-1.5,-32.05,-55.35,-12.11,-10.71,-0.4536,-0.5324,-48.87,16
SPY,80,260,0.9,-1.5,-24.1,-78.06,-8.8,-8.05,-0.4542,-0.5243,-32.35,20
SPY,140,200,0.85,-1.5,-27.88,-50.92,-10.34,-9.31,-0.4542,-0.584,-43.71,17
SPY,140,200,0.9,-1.5,-28.05,-48.53,-10.42,-9.37,-0.4583,-0.5818,-45.11,11
SPY,80,280,0.9,-1.5,-24.29,-72.6,-8.88,-8.12,-0.4607,-0.5538,-35.73,22
SPY,280,300,0.9,-1.5,-24.34,-86.12,-8.9,-8.13,-0.4626,-0.5527,-35.15,9
SPY,140,180,0.85,-1.5,-29.9,-73.25,-11.19,-9.99,-0.465,-0.5909,-41.76,14
SPY,200,200,0.8,-1.5,-28.26,-72.02,-10.5,-9.44,-0.4744,-0.6014,-46.68,13
SPY,200,280,0.8,-1.5,-24.86,-94.76,-9.11,-8.3,-0.4755,-0.5681,-32.86,15
SPY,300,280,0.85,-1.5,-24.94,-95.49,-9.14,-8.33,-0.4773,-0.5467,-34.0,10
SPY,140,140,0.85,-1.5,-33.26,-68.32,-12.64,-11.11,-0.4796,-0.5665,-44.24,16
SPY,120,300,0.8,-1.5,-25.0,-86.46,-9.17,-8.35,-0.4801,-0.5868,-38.33,15
SPY,120,280,0.85,-1.5,-25.07,-93.79,-9.19,-8.37,-0.4804,-0.5605,-34.92,18
SPY,100,300,0.9,-1.5,-25.06,-79.96,-9.19,-8.37,-0.4812,-0.5826,-36.03,15
SPY,160,140,0.9,-1.5,-33.47,-94.3,-12.73,-11.18,-0.485,-0.5708,-39.43,12
SPY,60,180,0.85,-1.5,-30.49,-119.87,-11.44,-10.19,-0.4871,-0.6087,-43.81,26
SPY,160,200,0.9,-1.5,-29.08,-58.13,-10.85,-9.72,-0.4882,-0.6198,-45.04,13
SPY,100,140,0.8,-1.5,-33.73,-54.32,-12.85,-11.27,-0.4899,-0.5743,-52.12,26
SPY,220,200,0.9,-1.5,-28.37,-68.04,-10.55,-9.48,-0.4915,-0.6262,-38.41,11
SPY,120,280,0.8,-1.5,-25.63,-96.12,-9.42,-8.56,-0.495,-0.5799,-34.82,20
SPY,140,220,0.85,-1.5,-28.9,-64.12,-10.77,-9.65,-0.4957,-0.6221,-45.09,15
SPY,100,180,0.9,-1.5,-31.47,-73.16,-11.86,-10.51,-0.5009,-0.6249,-48.75,16
SPY,240,220,0.85,-1.5,-28.47,-74.98,-10.59,-9.51,-0.5035,-0.647,-39.73,9
SPY,100,280,0.8,-1.5,-26.39,-91.72,-9.73,-8.82,-0.5147,-0.6002,-34.24,24
SPY,20,220,0.85,-1.5,-29.81,-123.98,-11.15,-9.96,-0.5165,-0.6351,-44.79,67
SPY,120,300,0.85,-1.5,-26.44,-93.43,-9.75,-8.83,-0.5177,-0.6267,-36.85,13
SPY,80,260,0.85,-1.5,-26.6,-90.91,-9.82,-8.89,-0.519,-0.6005,-34.44,20
SPY,40,200,0.8,-1.5,-30.9,-97.59,-11.62,-10.32,-0.5238,-0.6322,-35.13,35
SPY,240,220,0.8,-1.5,-29.3,-79.71,-10.94,-9.79,-0.5241,-0.6746,-40.2,9
SPY,140,200,0.8,-1.5,-30.86,-67.29,-11.6,-10.31,-0.5243,-0.6741,-44.24,19
SPY,80,140,0.8,-1.5,-35.3,-67.22,-13.54,-11.79,-0.5246,-0.6166,-49.67,26
SPY,120,120,0.8,-1.5,-36.02,-83.25,-13.86,-12.04,-0.5304,-0.6248,-50.0,26
SPY,120,180,0.85,-1.5,-33.28,-87.26,-12.64,-11.12,-0.5433,-0.7006,-47.52,18
SPY,300,280,0.8,-1.5,-27.46,-107.83,-10.17,-9.17,-0.5434,-0.6225,-35.54,10
SPY,120,20,0.8,-1.5,-37.48,-123.55,-14.52,-12.52,-0.545,-0.6284,-42.34,39
SPY,60,180,0.8,-1.5,-33.06,-131.98,-12.55,-11.05,-0.5476,-0.684,-47.49,28
SPY,80,260,0.8,-1.5,-27.69,-98.53,-10.26,-9.25,-0.5477,-0.6333,-35.41,22
SPY,80,300,0.8,-1.5,-27.63,-95.35,-10.24,-9.23,-0.5488,-0.6478,-36.82,19
SPY,200,220,0.8,-1.5,-31.24,-84.28,-11.76,-10.44,-0.5543,-0.691,-46.58,11
SPY,80,180,0.9,-1.5,-33.48,-74.18,-12.73,-11.19,-0.5551,-0.6928,-48.63,20
SPY,120,180,0.8,-1.5,-33.78,-84.15,-12.87,-11.29,-0.5554,-0.7159,-49.9,20
SPY,80,300,0.85,-1.5,-28.31,-92.39,-10.52,-9.46,-0.5674,-0.6815,-38.46,17
SPY,220,200,0.85,-1.5,-31.59,-86.37,-11.91,-10.55,-0.5715,-0.7278,-40.42,11
SPY,100,180,0.85,-1.5,-34.5,-90.37,-13.18,-11.53,-0.5726,-0.7118,-47.52,18
SPY,100,200,0.85,-1.5,-33.03,-77.48,-12.54,-11.04,-0.5763,-0.7314,-47.78,19
SPY,200,200,0.9,-1.5,-31.99,-87.36,-12.09,-10.69,-0.582,-0.7415,-38.59,11
SPY,300,300,0.85,-1.5,-28.91,-107.5,-10.77,-9.66,-0.5839,-0.6965,-36.91,9
SPY,60,140,0.8,-1.5,-38.38,-103.17,-14.93,-12.82,-0.5855,-0.6767,-55.6,25
SPY,160,220,0.8,-1.5,-33.04,-93.04,-12.54,-11.04,-0.5976,-0.7527,-46.86,17
SPY,100,200,0.8,-1.5,-34.05,-87.27,-12.98,-11.38,-0.6019,-0.7575,-45.94,23
SPY,200,180,0.8,-1.5,-33.64,-102.55,-12.81,-11.24,-0.607,-0.7619,-41.32,15
SPY,240,220,0.9,-1.5,-32.67,-99.05,-12.38,-10.91,-0.6103,-0.7958,-44.68,9
SPY,300,300,0.8,-1.5,-30.15,-114.07,-11.3,-10.07,-0.6181,-0.7378,-37.78,9
SPY,140,180,0.8,-1.5,-36.74,-111.39,-14.19,-12.28,-0.6277,-0.8074,-47.39,20
SPY,140,120,0.85,-1.5,-40.37,-127.03,-15.86,-13.49,-0.6308,-0.7295,-44.7,16
SPY,200,200,0.85,-1.5,-33.9,-99.44,-12.92,-11.33,-0.6314,-0.7956,-42.63,11
SPY,220,200,0.8,-1.5,-34.32,-101.12,-13.1,-11.46,-0.6424,-0.8178,-40.68,11
SPY,60,140,0.85,-1.5,-40.89,-113.51,-16.11,-13.66,-0.6556,-0.7487,-52.79,22
SPY,60,280,0.8,-1.5,-31.63,-126.13,-11.93,-10.57,-0.6585,-0.7934,-46.71,28
SPY,140,140,0.8,-1.5,-41.52,-111.51,-16.41,-13.87,-0.6603,-0.7654,-47.62,18
SPY,100,160,0.85,-1.5,-41.18,-101.29,-16.25,-13.76,-0.6641,-0.8022,-54.07,22
SPY,160,220,0.85,-1.5,-35.69,-105.55,-13.71,-11.92,-0.6683,-0.8375,-46.18,15
SPY,20,280,0.8,-1.5,-32.7,-134.71,-12.39,-10.92,-0.6891,-0.8262,-46.96,66
SPY,160,140,0.8,-1.5,-42.33,-136.61,-16.8,-14.14,-0.6926,-0.8125,-47.5,16
SPY,140,220,0.8,-1.5,-36.78,-111.11,-14.2,-12.29,-0.6961,-0.8742,-47.48,17
SPY,160,140,0.85,-1.5,-43.11,-143.29,-17.18,-14.4,-0.7126,-0.8367,-48.22,14
SPY,40,280,0.9,-1.5,-33.77,-127.74,-12.86,-11.28,-0.7203,-0.8501,-46.76,31
SPY,20,100,0.9,-1.5,-44.98,-202.11,-18.1,-15.03,-0.722,-0.9417,-61.73,56
SPY,100,200,0.9,-1.5,-38.69,-113.87,-15.08,-12.92,-0.7236,-0.9229,-53.0,13
SPY,180,220,0.9,-1.5,-37.75,-107.21,-14.64,-12.61,-0.7242,-0.9162,-50.24,13
SPY,80,160,0.9,-1.5,-43.69,-112.02,-17.46,-14.6,-0.7279,-0.8453,-52.77,16
SPY,20,260,0.8,-1.5,-34.45,-137.15,-13.16,-11.51,-0.7381,-0.8755,-46.67,69
SPY,40,280,0.8,-1.5,-34.48,-131.23,-13.17,-11.52,-0.7411,-0.872,-47.77,37
SPY,60,160,0.9,-1.5,-43.37,-136.55,-17.3,-14.49,-0.7433,-0.8456,-49.17,22
SPY,40,280,0.85,-1.5,-34.68,-134.87,-13.26,-11.59,-0.7472,-0.8806,-49.06,35
SPY,220,220,0.8,-1.5,-38.72,-122.61,-15.1,-12.94,-0.7634,-0.9704,-43.79,9
SPY,40,300,0.9,-1.5,-35.27,-132.67,-13.53,-11.78,-0.7659,-0.8854,-44.57,27
SPY,20,180,0.9,-1.5,-42.56,-185.09,-16.91,-14.22,-0.7828,-0.9604,-60.1,49
SPY,60,280,0.9,-1.5,-36.2,-142.76,-13.94,-12.09,-0.7931,-0.9663,-48.61,26
SPY,40,260,0.8,-1.5,-36.34,-149.5,-14.01,-12.14,-0.7952,-0.9212,-48.92,40
SPY,20,200,0.9,-1.5,-41.72,-164.55,-16.5,-13.94,-0.8081,-0.9899,-46.84,47
SPY,220,220,0.9,-1.5,-40.3,-133.42,-15.83,-13.46,-0.8089,-1.0434,-48.4,9
SPY,100,160,0.8,-1.5,-46.82,-136.32,-19.02,-15.64,-0.8107,-0.9747,-57.64,24
SPY,180,220,0.85,-1.5,-41.0,-128.01,-16.16,-13.7,-0.8164,-1.0333,-50.63,13
SPY,100,180,0.8,-1.5,-43.91,-146.27,-17.57,-14.67,-0.8185,-1.0078,-53.25,20
SPY,80,180,0.85,-1.5,-43.97,-135.18,-17.6,-14.69,-0.82,-1.013,-53.55,22
SPY,140,120,0.8,-1.5,-48.06,-175.94,-19.66,-16.06,-0.8255,-0.9571,-53.08,21
SPY,80,180,0.8,-1.5,-44.2,-141.63,-17.71,-14.77,-0.8266,-1.019,-53.17,26
SPY,40,260,0.9,-1.5,-37.34,-151.17,-14.46,-12.48,-0.8278,-0.9568,-46.05,33
SPY,200,220,0.9,-1.5,-41.07,-139.5,-16.2,-13.72,-0.8315,-1.0733,-48.83,9
SPY,60,300,0.8,-1.5,-37.45,-161.15,-14.51,-12.51,-0.8323,-0.9697,-44.68,23
SPY,80,160,0.8,-1.5,-47.62,-143.67,-19.43,-15.91,-0.8324,-0.9547,-54.76,28
SPY,80,160,0.85,-1.5,-48.15,-138.8,-19.7,-16.09,-0.8474,-0.9858,-56.1,24
SPY,60,280,0.85,-1.5,-37.97,-154.3,-14.75,-12.69,-0.8479,-1.0342,-49.8,26
SPY,40,260,0.85,-1.5,-38.02,-160.16,-14.77,-12.7,-0.8491,-0.9829,-50.13,36
SPY,20,40,0.8,-1.5,-49.96,-202.49,-20.65,-16.69,-0.8512,-1.0677,-59.24,74
SPY,20,40,0.85,-1.5,-50.29,-206.6,-20.83,-16.8,-0.8604,-1.0786,-59.51,72
SPY,200,220,0.85,-1.5,-42.37,-148.08,-16.82,-14.16,-0.8703,-1.1146,-50.82,9
SPY,20,280,0.85,-1.5,-38.76,-171.79,-15.11,-12.95,-0.8723,-1.0341,-51.3,65
SPY,220,220,0.85,-1.5,-43.21,-151.92,-17.22,-14.44,-0.8958,-1.1503,-48.61,9
SPY,60,160,0.85,-1.5,-49.97,-173.63,-20.65,-16.69,-0.8996,-1.0072,-55.0,24
SPY,60,300,0.9,-1.5,-40.1,-174.11,-15.74,-13.4,-0.9167,-1.0637,-45.47,19
SPY,60,160,0.8,-1.5,-50.93,-180.72,-21.17,-17.01,-0.9277,-1.0387,-55.87,26
SPY,20,260,0.85,-1.5,-40.92,-177.08,-16.12,-13.67,-0.939,-1.1025,-51.03,67
SPY,20,280,0.9,-1.5,-40.83,-177.7,-16.08,-13.64,-0.9398,-1.1091,-50.66,56
SPY,160,220,0.9,-1.5,-45.34,-157.83,-18.27,-15.15,-0.9479,-1.1951,-54.93,11
SPY,60,260,0.9,-1.5,-41.65,-180.33,-16.47,-13.91,-0.9642,-1.1095,-47.2,20
SPY,60,300,0.85,-1.5,-42.34,-189.72,-16.8,-14.14,-0.9907,-1.1497,-47.44,19
SPY,20,260,0.9,-1.5,-44.27,-203.09,-17.74,-14.79,-1.0523,-1.2344,-54.37,55
SPY,60,260,0.8,-1.5,-45.01,-207.71,-18.11,-15.04,-1.0783,-1.2443,-49.76,22
SPY,60,260,0.85,-1.5,-45.86,-212.41,-18.54,-15.32,-1.1088,-1.2781,-50.79,20
